Problema,OG,M3GP,OTDD,MLR_train_m3gp,MLR_train_og,% ERROR train,MLR_test_m3gp,MLR_test_og,% ERROR test,num rasgos m3gp,num rasgos OG,dif rasgos,nodos,tipo
Heart,Heart_1,Heart_1,5.1479,94.709,85.1852,64.2857,80.2469,83.9506,-23.0769,16,13,3,219,Clasificación
Heart,Heart_2,Heart_2,5.0796,97.3545,91.5344,68.75,77.7778,76.5432,5.2632,16,13,3,113,Clasificación
Heart,Heart_3,Heart_3,5.1899,96.2963,87.3016,70.8333,81.4815,80.2469,6.25,17,13,4,160,Clasificación
Heart,Heart_4,Heart_4,2.0144,91.5344,86.7725,36,80.2469,76.5432,15.7895,6,13,-7,85,Clasificación
Heart,Heart_5,Heart_5,0.999,93.1217,87.8307,43.4783,69.1358,79.0124,-47.0588,4,13,-9,93,Clasificación
Heart,Heart_6,Heart_6,4.3095,94.709,89.418,50,75.3086,75.3086,0,11,13,-2,110,Clasificación
Heart,Heart_7,Heart_7,0.3889,89.418,90.4762,-11.1111,75.3086,71.6049,13.0435,1,13,-12,52,Clasificación
Heart,Heart_8,Heart_8,3.8916,94.1799,88.3598,50,85.1852,77.7778,33.3333,11,13,-2,104,Clasificación
Heart,Heart_9,Heart_9,5.0008,94.709,87.8307,56.5217,86.4198,80.2469,31.25,13,13,0,104,Clasificación
Heart,Heart_10,Heart_10,4.7887,95.2381,88.3598,59.0909,80.2469,79.0124,5.8824,13,13,0,100,Clasificación
Heart,Heart_11,Heart_11,4.4685,94.1799,85.1852,60.7143,83.9506,83.9506,0,12,13,-1,117,Clasificación
Heart,Heart_12,Heart_12,3.2889,91.0053,85.7143,37.037,80.2469,76.5432,15.7895,10,13,-3,59,Clasificación
Heart,Heart_13,Heart_13,4.85,95.7672,89.9471,57.8947,76.5432,72.8395,13.6364,16,13,3,81,Clasificación
Heart,Heart_14,Heart_14,0.6164,90.4762,91.5344,-12.5,82.7161,79.0124,17.6471,3,13,-10,74,Clasificación
Heart,Heart_15,Heart_15,3.2243,93.6508,89.418,40,79.0124,79.0124,0,10,13,-3,103,Clasificación
Heart,Heart_16,Heart_16,5.2082,96.8254,88.8889,71.4286,77.7778,80.2469,-12.5,15,13,2,126,Clasificación
Heart,Heart_17,Heart_17,2.1193,92.5926,87.8307,39.1304,79.0124,85.1852,-41.6667,6,13,-7,87,Clasificación
Heart,Heart_18,Heart_18,3.3467,94.709,88.3598,54.5455,75.3086,81.4815,-33.3333,10,13,-3,97,Clasificación
Heart,Heart_19,Heart_19,3.8247,95.7672,88.3598,63.6364,79.0124,80.2469,-6.25,11,13,-2,180,Clasificación
Heart,Heart_20,Heart_20,3.2486,92.5926,88.3598,36.3636,82.7161,81.4815,6.6667,10,13,-3,97,Clasificación
Heart,Heart_21,Heart_21,4.9854,95.2381,86.7725,64,79.0124,83.9506,-30.7692,14,13,1,131,Clasificación
Heart,Heart_22,Heart_22,1.8181,93.6508,88.3598,45.4546,71.6049,75.3086,-15,6,13,-7,73,Clasificación
Heart,Heart_23,Heart_23,5.1529,95.7672,90.4762,55.5556,77.7778,81.4815,-20,17,13,4,104,Clasificación
Heart,Heart_24,Heart_24,4.923,95.7672,86.7725,68,83.9506,79.0124,23.5294,16,13,3,131,Clasificación
Heart,Heart_25,Heart_25,5.0662,95.7672,87.8307,65.2174,85.1852,81.4815,20,16,13,3,119,Clasificación
Heart,Heart_26,Heart_26,4.2135,94.709,86.7725,60,74.0741,80.2469,-31.25,10,13,-3,251,Clasificación
Heart,Heart_27,Heart_27,3.1302,93.1217,87.3016,45.8333,82.7161,79.0124,17.6471,9,13,-4,172,Clasificación
Heart,Heart_28,Heart_28,4.8665,96.8254,87.8307,73.913,74.0741,75.3086,-5,12,13,-1,147,Clasificación
Heart,Heart_29,Heart_29,5.1956,96.8254,89.418,70,72.8395,74.0741,-4.7619,14,13,1,125,Clasificación
Heart,Heart_30,Heart_30,5.1841,94.709,87.8307,56.5217,82.7161,85.1852,-16.6667,17,13,4,136,Clasificación
Im3,Im3_1,Im3_1,1.9003,99.5556,91.1111,95,91.7526,82.4742,52.9412,8,6,2,77,Clasificación
Im3,Im3_2,Im3_2,1.7475,99.5556,92,94.4444,92.7835,79.3814,65,6,6,0,139,Clasificación
Im3,Im3_3,Im3_3,0.8508,99.5556,92,94.4444,95.8763,81.4433,77.7778,4,6,-2,103,Clasificación
Im3,Im3_4,Im3_4,1.6524,99.5556,91.5556,94.7368,95.8763,82.4742,76.4706,8,6,2,237,Clasificación
Im3,Im3_5,Im3_5,1.041,99.5556,89.3333,95.8333,96.9072,82.4742,82.3529,3,6,-3,78,Clasificación
Im3,Im3_6,Im3_6,0.3094,99.5556,92,94.4444,91.7526,86.5979,38.4615,2,6,-4,33,Clasificación
Im3,Im3_7,Im3_7,1.3293,99.1111,92,88.8889,97.9381,83.5052,87.5,4,6,-2,141,Clasificación
Im3,Im3_8,Im3_8,1.4769,99.5556,90.6667,95.2381,94.8454,88.6598,54.5455,4,6,-2,71,Clasificación
Im3,Im3_9,Im3_9,2.0787,99.5556,90.6667,95.2381,94.8454,88.6598,54.5455,6,6,0,57,Clasificación
Im3,Im3_10,Im3_10,1.5303,99.1111,88.8889,92,97.9381,87.6289,83.3333,5,6,-1,80,Clasificación
Im3,Im3_11,Im3_11,0.9116,99.5556,91.1111,95,96.9072,82.4742,82.3529,4,6,-2,57,Clasificación
Im3,Im3_12,Im3_12,2.0508,99.1111,88.8889,92,94.8454,86.5979,61.5385,7,6,1,114,Clasificación
Im3,Im3_13,Im3_13,1.3046,98.6667,89.3333,87.5,97.9381,85.567,85.7143,5,6,-1,98,Clasificación
Im3,Im3_14,Im3_14,1.5069,100,92,100,94.8454,86.5979,61.5385,5,6,-1,68,Clasificación
Im3,Im3_15,Im3_15,1.2962,99.5556,91.1111,95,92.7835,85.567,50,4,6,-2,75,Clasificación
Im3,Im3_16,Im3_16,1.4178,98.6667,90.2222,86.3636,96.9072,85.567,78.5714,4,6,-2,49,Clasificación
Im3,Im3_17,Im3_17,1.3919,99.5556,90.2222,95.4546,96.9072,86.5979,76.9231,5,6,-1,64,Clasificación
Im3,Im3_18,Im3_18,1.1808,99.5556,90.6667,95.2381,96.9072,83.5052,81.25,4,6,-2,141,Clasificación
Im3,Im3_19,Im3_19,1.5567,98.6667,90.6667,85.7143,95.8763,85.567,71.4286,6,6,0,81,Clasificación
Im3,Im3_20,Im3_20,1.7461,99.1111,90.6667,90.4762,92.7835,80.4124,63.1579,8,6,2,69,Clasificación
Im3,Im3_21,Im3_21,1.0875,99.5556,92,94.4444,93.8144,81.4433,66.6667,4,6,-2,59,Clasificación
Im3,Im3_22,Im3_22,1.6223,99.1111,90.2222,90.9091,94.8454,83.5052,68.75,5,6,-1,42,Clasificación
Im3,Im3_23,Im3_23,1.7958,99.5556,89.3333,95.8333,96.9072,80.4124,84.2105,6,6,0,119,Clasificación
Im3,Im3_24,Im3_24,0.6119,99.5556,90.6667,95.2381,95.8763,74.2268,84,3,6,-3,74,Clasificación
Im3,Im3_25,Im3_25,0.4475,99.1111,90.2222,90.9091,91.7526,83.5052,50,2,6,-4,37,Clasificación
Im3,Im3_26,Im3_26,1.6688,99.5556,91.1111,95,95.8763,83.5052,75,7,6,1,64,Clasificación
Im3,Im3_27,Im3_27,0.331,98.2222,92.8889,75,94.8454,84.5361,66.6667,2,6,-4,37,Clasificación
Im3,Im3_28,Im3_28,0.8669,99.1111,91.1111,90,91.7526,82.4742,52.9412,3,6,-3,58,Clasificación
Im3,Im3_29,Im3_29,1.4962,99.5556,92,94.4444,92.7835,79.3814,65,6,6,0,165,Clasificación
Im3,Im3_30,Im3_30,0.5083,99.1111,89.7778,91.3044,95.8763,79.3814,80,3,6,-3,64,Clasificación
Im10,Im10_1,Im10_1,2.4438,93.3981,87.1359,48.6793,91.5581,65.2691,75.6933,13,6,7,156,Clasificación
Im10,Im10_2,Im10_2,2.5521,92.2573,85.7282,45.7483,91.9547,65.779,76.4901,12,6,6,329,Clasificación
Im10,Im10_3,Im10_3,2.1884,93.4223,86.9418,49.6283,90.9915,65.6657,73.7624,12,6,6,279,Clasificación
Im10,Im10_4,Im10_4,2.4133,92.8641,86.9418,45.3532,89.9717,67.4788,69.1638,13,6,7,340,Clasificación
Im10,Im10_5,Im10_5,2.3935,92.6456,86.5291,45.4054,91.7281,66.1756,75.5444,13,6,7,318,Clasificación
Im10,Im10_6,Im10_6,1.8739,93.0825,86.8204,47.5138,91.2181,68.4986,72.1223,12,6,6,281,Clasificación
Im10,Im10_7,Im10_7,2.6384,93.1553,86.5777,49.0054,90.9348,66.0057,73.3333,12,6,6,305,Clasificación
Im10,Im10_8,Im10_8,2.6995,92.767,85.7282,49.3197,91.5014,67.1955,74.0933,12,6,6,491,Clasificación
Im10,Im10_9,Im10_9,2.872,92.4757,85.8495,46.8268,92.0113,67.1955,75.6477,12,6,6,249,Clasificación
Im10,Im10_10,Im10_10,2.5158,92.8398,86.5291,46.8469,91.1615,64.7592,74.9196,11,6,5,266,Clasificación
Im10,Im10_11,Im10_11,2.9233,92.8398,86.9418,45.1673,90.9348,65.6657,73.5974,12,6,6,191,Clasificación
Im10,Im10_12,Im10_12,2.6276,93.5437,86.9418,50.5576,91.3314,65.6657,74.7525,11,6,5,256,Clasificación
Im10,Im10_13,Im10_13,2.1319,92.6456,86.9418,43.6803,89.9717,65.6657,70.7921,14,6,8,183,Clasificación
Im10,Im10_14,Im10_14,2.3763,93.3495,86.9418,49.0706,90.7082,65.6657,72.9373,12,6,6,205,Clasificación
Im10,Im10_15,Im10_15,2.4046,93.2767,87.1359,47.7359,90.1416,65.2691,71.615,12,6,6,249,Clasificación
Im10,Im10_16,Im10_16,3.0398,92.9612,87.1359,45.283,90.6516,65.2691,73.0832,11,6,5,246,Clasificación
Im10,Im10_17,Im10_17,2.5891,93.4952,87.3786,48.4615,90.5382,67.1955,71.1572,12,6,6,155,Clasificación
Im10,Im10_18,Im10_18,2.8578,92.9612,86.6262,47.3684,90.9348,66.119,73.2442,11,6,5,206,Clasificación
Im10,Im10_19,Im10_19,2.277,92.9126,87.0146,45.4206,91.0482,67.1955,72.7116,12,6,6,281,Clasificación
Im10,Im10_20,Im10_20,3.1162,92.7185,86.0437,47.8261,92.1813,65.779,77.1523,13,6,7,350,Clasificación
Im10,Im10_21,Im10_21,2.2259,92.8884,87.1359,44.717,90.085,65.2691,71.4519,13,6,7,196,Clasificación
Im10,Im10_22,Im10_22,2.0967,92.7913,85.8495,49.0566,92.1247,66.7422,76.3203,14,6,8,333,Clasificación
Im10,Im10_23,Im10_23,2.182,93.1311,86.8689,47.6895,90.5949,65.6091,72.6524,16,6,10,261,Clasificación
Im10,Im10_24,Im10_24,2.2212,93.0825,87.2816,45.6107,90.3683,64.306,73.0159,13,6,7,164,Clasificación
Im10,Im10_25,Im10_25,2.4847,92.8398,86.7718,45.8716,91.2748,66.7422,73.7649,14,6,8,207,Clasificación
Im10,Im10_26,Im10_26,2.7167,93.0825,87.1359,46.2264,90.3683,65.2691,72.2675,11,6,5,224,Clasificación
Im10,Im10_27,Im10_27,2.2616,93.034,86.5777,48.1013,90.9915,67.0822,72.6334,12,6,6,379,Clasificación
Im10,Im10_28,Im10_28,2.1984,93.1068,87.1359,46.4151,90.4249,69.1218,68.9908,15,6,9,228,Clasificación
Im10,Im10_29,Im10_29,1.9445,92.0146,86.7718,39.633,89.3484,65.949,68.7188,11,6,5,200,Clasificación
Im10,Im10_30,Im10_30,2.1438,93.034,86.432,48.6583,91.2181,65.0992,74.8377,16,6,10,245,Clasificación
Seg,Seg_1,Seg_1,2.6597,97.0548,72.6712,89.2231,94.409,69.6486,81.579,6,19,-13,213,Clasificación
Seg,Seg_2,Seg_2,4.0339,97.5343,73.2877,90.7692,95.8467,75.7189,82.8947,8,19,-11,239,Clasificación
Seg,Seg_3,Seg_3,4.5506,97.5343,71.9178,91.2195,96.6454,74.6006,86.7925,9,19,-10,248,Clasificación
Seg,Seg_4,Seg_4,2.0602,97.6712,74.4521,90.8847,96.1661,72.3642,86.1272,5,19,-14,114,Clasificación
Seg,Seg_5,Seg_5,3.7951,97.5343,72.2603,91.1111,95.6869,71.885,84.6591,8,19,-11,89,Clasificación
Seg,Seg_6,Seg_6,6.2659,98.0822,72.7397,92.9648,95.8467,69.8083,86.2434,11,19,-8,242,Clasificación
Seg,Seg_7,Seg_7,4.3329,96.9178,71.9178,89.0244,94.5687,72.524,80.2326,8,19,-11,77,Clasificación
Seg,Seg_8,Seg_8,3.1675,96.7123,71.7123,88.3777,96.0064,70.9265,86.2637,7,19,-12,50,Clasificación
Seg,Seg_9,Seg_9,3.0315,97.1233,71.5753,89.8795,94.8882,72.6837,81.2866,7,19,-12,112,Clasificación
Seg,Seg_10,Seg_10,2.464,96.8493,71.3699,88.9952,96.1661,74.7604,84.8101,6,19,-13,257,Clasificación
Seg,Seg_11,Seg_11,6.9412,98.8356,72.6712,95.7394,94.0895,69.6486,80.5263,14,19,-5,87,Clasificación
Seg,Seg_12,Seg_12,7.3934,98.1507,72.1233,93.3661,94.409,72.8435,79.4118,14,19,-5,165,Clasificación
Seg,Seg_13,Seg_13,5.005,98.1507,72.1918,93.3498,94.409,70.7668,80.8743,10,19,-9,84,Clasificación
Seg,Seg_14,Seg_14,6.239,98.2192,72.3973,93.5484,95.8467,73.1629,84.5238,13,19,-6,65,Clasificación
Seg,Seg_15,Seg_15,6.2473,97.9452,72.1918,92.6108,95.0479,71.5655,82.5843,13,19,-6,246,Clasificación
Seg,Seg_16,Seg_16,3.7617,97.2603,71.0959,90.5213,94.8882,76.0383,78.6667,8,19,-11,61,Clasificación
Seg,Seg_17,Seg_17,4.8241,97.7397,71.9863,91.9315,95.3674,72.0447,83.4286,9,19,-10,120,Clasificación
Seg,Seg_18,Seg_18,7.0707,98.2877,71.8493,93.9173,96.9649,72.3642,89.0173,12,19,-7,115,Clasificación
Seg,Seg_19,Seg_19,6.0031,98.2192,76.0959,92.5501,95.0479,75.0799,80.1282,12,19,-7,102,Clasificación
Seg,Seg_20,Seg_20,12.0757,98.9041,72.3288,96.0396,96.3259,73.6422,86.0606,19,19,0,117,Clasificación
Seg,Seg_21,Seg_21,4.9732,97.7397,75.8219,90.6516,94.2492,74.1214,77.7778,10,19,-9,101,Clasificación
Seg,Seg_22,Seg_22,6.5369,98.5616,72.9452,94.6835,96.1661,72.3642,86.1272,13,19,-6,85,Clasificación
Seg,Seg_23,Seg_23,9.3177,98.0822,71.9178,93.1707,95.8467,73.0032,84.6154,16,19,-3,144,Clasificación
Seg,Seg_24,Seg_24,11.4876,98.2877,71.2329,94.0476,96.3259,72.0447,86.8571,19,19,0,86,Clasificación
Seg,Seg_25,Seg_25,4.1608,97.3288,72.1233,90.4177,95.3674,70.2875,84.4086,9,19,-10,113,Clasificación
Seg,Seg_26,Seg_26,7.0335,98.0822,71.5753,93.253,95.3674,73.0032,82.8402,13,19,-6,119,Clasificación
Seg,Seg_27,Seg_27,9.3769,98.4247,72.1918,94.335,95.0479,69.6486,83.6842,16,19,-3,115,Clasificación
Seg,Seg_28,Seg_28,7.277,98.0822,71.8493,93.1874,95.5272,73.0032,83.432,14,19,-5,85,Clasificación
Seg,Seg_29,Seg_29,8.6496,98.3562,72.1918,94.0887,96.9649,69.3291,90.1042,15,19,-4,101,Clasificación
Seg,Seg_30,Seg_30,12.685,98.7671,73.6301,95.3247,95.6869,73.4824,83.7349,21,19,2,170,Clasificación
Vowel,Vowel_1,Vowel_1,5.7153,100,96.5368,100,89.2256,51.1785,77.931,19,13,6,88,Clasificación
Vowel,Vowel_2,Vowel_2,5.3934,100,95.9596,100,92.9293,49.1583,86.0927,18,13,5,79,Clasificación
Vowel,Vowel_3,Vowel_3,5.6216,100,97.114,100,93.9394,50.8418,87.6712,18,13,5,125,Clasificación
Vowel,Vowel_4,Vowel_4,5.4253,100,96.2482,100,94.2761,51.1785,88.2759,19,13,6,84,Clasificación
Vowel,Vowel_5,Vowel_5,5.3741,100,96.2482,100,96.633,46.4647,93.7107,18,13,5,83,Clasificación
Vowel,Vowel_6,Vowel_6,5.4862,100,96.2482,100,94.2761,48.4849,88.8889,17,13,4,52,Clasificación
Vowel,Vowel_7,Vowel_7,5.4758,100,97.9798,100,93.6027,52.862,86.4286,16,13,3,69,Clasificación
Vowel,Vowel_8,Vowel_8,5.4196,100,97.8355,100,96.633,54.8822,92.5373,17,13,4,86,Clasificación
Vowel,Vowel_9,Vowel_9,5.3361,100,96.9697,100,95.2862,50.8418,90.411,17,13,4,98,Clasificación
Vowel,Vowel_10,Vowel_10,5.394,100,97.114,100,94.6128,48.8216,89.4737,18,13,5,69,Clasificación
Vowel,Vowel_11,Vowel_11,5.6114,100,96.5368,100,92.5926,51.1785,84.8276,20,13,7,81,Clasificación
Vowel,Vowel_12,Vowel_12,5.4171,100,96.5368,100,93.266,53.5354,85.5073,17,13,4,56,Clasificación
Vowel,Vowel_13,Vowel_13,5.7885,100,96.5368,100,93.6027,52.1886,86.6197,17,13,4,62,Clasificación
Vowel,Vowel_14,Vowel_14,5.4603,100,97.114,100,93.6027,51.8519,86.7133,19,13,6,102,Clasificación
Vowel,Vowel_15,Vowel_15,5.5912,100,96.3925,100,92.5926,48.4849,85.6209,18,13,5,57,Clasificación
Vowel,Vowel_16,Vowel_16,5.203,100,96.5368,100,92.2559,51.5152,84.0278,17,13,4,114,Clasificación
Vowel,Vowel_17,Vowel_17,5.4884,100,97.4026,100,91.9192,51.5152,83.3333,17,13,4,36,Clasificación
Vowel,Vowel_18,Vowel_18,5.4243,100,96.6811,100,92.9293,48.8216,86.1842,17,13,4,74,Clasificación
Vowel,Vowel_19,Vowel_19,5.2729,100,96.8254,100,94.9495,49.495,90,18,13,5,57,Clasificación
Vowel,Vowel_20,Vowel_20,5.594,100,97.114,100,95.2862,46.8014,91.1392,17,13,4,104,Clasificación
Vowel,Vowel_21,Vowel_21,5.7802,100,95.9596,100,92.5926,49.495,85.3333,18,13,5,67,Clasificación
Vowel,Vowel_22,Vowel_22,5.5051,100,97.4026,100,91.9192,50.8418,83.5616,20,13,7,67,Clasificación
Vowel,Vowel_23,Vowel_23,5.6007,100,96.9697,100,95.2862,52.862,90,18,13,5,69,Clasificación
Vowel,Vowel_24,Vowel_24,5.3585,100,96.5368,100,96.9697,52.1886,93.662,18,13,5,113,Clasificación
Vowel,Vowel_25,Vowel_25,5.4646,100,97.114,100,94.6128,52.1886,88.7324,18,13,5,67,Clasificación
Vowel,Vowel_26,Vowel_26,5.4699,100,97.2583,100,95.2862,51.1785,90.3448,17,13,4,110,Clasificación
Vowel,Vowel_27,Vowel_27,5.5287,100,97.4026,100,94.2761,52.862,87.8571,17,13,4,142,Clasificación
Vowel,Vowel_28,Vowel_28,5.463,100,96.2482,100,91.5825,49.8317,83.2215,18,13,5,97,Clasificación
Vowel,Vowel_29,Vowel_29,5.7054,100,96.8254,100,97.3064,53.5354,94.2029,18,13,5,65,Clasificación
Vowel,Vowel_30,Vowel_30,5.2456,100,96.6811,100,91.9192,45.7913,85.0932,16,13,3,65,Clasificación
Wav,Wav_1,Wav_1,13.0152,90.4857,90.5143,-0.3012,85.3333,77.8667,33.7349,30,40,-10,41,Clasificación
Wav,Wav_2,Wav_2,15.75,90.6286,90.6857,-0.6135,84.7333,81.7333,16.4234,34,40,-6,53,Clasificación
Wav,Wav_3,Wav_3,17.8023,90.7143,90.4857,2.4024,84.8,75.6667,37.5343,37,40,-3,86,Clasificación
Wav,Wav_4,Wav_4,12.9744,90.6857,90.4286,2.6866,84.3333,77.2,31.2866,30,40,-10,41,Clasificación
Wav,Wav_5,Wav_5,14.2971,90.8,90.9714,-1.8987,84.9333,78.8667,28.7066,32,40,-8,123,Clasificación
Wav,Wav_6,Wav_6,16.3049,90.9714,90.9714,0,82.3333,78.1333,19.2073,35,40,-5,54,Clasificación
Wav,Wav_7,Wav_7,13.7702,90.8571,90.9143,-0.6289,84.4,76.4667,33.7111,31,40,-9,102,Clasificación
Wav,Wav_8,Wav_8,13.7952,89.3714,89.8571,-4.7887,84.8667,78.0667,31.003,31,40,-9,52,Clasificación
Wav,Wav_9,Wav_9,15.7287,91,91.1429,-1.6129,82.9333,79.0667,18.4713,34,40,-6,81,Clasificación
Wav,Wav_10,Wav_10,14.3445,90.5714,90.5143,0.6024,84.8,78.6,28.972,32,40,-8,51,Clasificación
Wav,Wav_11,Wav_11,15.047,90.7714,90.5143,2.7108,85.9333,77.8667,36.4458,33,40,-7,76,Clasificación
Wav,Wav_12,Wav_12,15.0839,90.6286,90.6857,-0.6135,83.7333,76.7333,30.086,33,40,-7,50,Clasificación
Wav,Wav_13,Wav_13,15.0168,90.7143,90.5429,1.8127,83.8,78.1333,25.9146,33,40,-7,104,Clasificación
Wav,Wav_14,Wav_14,15.7411,91.0857,90.6286,4.878,83.5333,77.3333,27.3529,34,40,-6,89,Clasificación
Wav,Wav_15,Wav_15,16.3628,90.2286,90.3429,-1.1834,85.4,76.4,38.1356,35,40,-5,74,Clasificación
Wav,Wav_16,Wav_16,12.3439,90.5714,90.7143,-1.5385,83.7333,78,26.0606,29,40,-11,40,Clasificación
Wav,Wav_17,Wav_17,13.684,90.5714,90.3714,2.0772,85.0667,78.6667,30,31,40,-9,76,Clasificación
Wav,Wav_18,Wav_18,12.458,90.5143,90.5429,-0.3021,83.9333,76.5333,31.5341,29,40,-11,44,Clasificación
Wav,Wav_19,Wav_19,13.0969,90.6857,90.9714,-3.1646,83.1333,78.5333,21.4286,30,40,-10,105,Clasificación
Wav,Wav_20,Wav_20,13.1877,90.7714,90.8571,-0.9375,82.2667,76.8,23.5632,30,40,-10,109,Clasificación
Wav,Wav_21,Wav_21,14.4963,90.9714,90.4857,5.1051,84.3333,76.4,33.6158,32,40,-8,133,Clasificación
Wav,Wav_22,Wav_22,13.6933,90.3429,90.4286,-0.8955,83.4,79.1333,20.4473,31,40,-9,54,Clasificación
Wav,Wav_23,Wav_23,13.6224,90.2,90.1429,0.5797,84.4,78.0667,28.8754,31,40,-9,36,Clasificación
Wav,Wav_24,Wav_24,15.1504,90.6857,90.0571,6.3218,84.1333,77.8,28.5285,33,40,-7,80,Clasificación
Wav,Wav_25,Wav_25,15.6477,90.4,90.1714,2.3256,84,77.6,28.5714,34,40,-6,179,Clasificación
Wav,Wav_26,Wav_26,13.9955,90.7714,90.7714,0,85.2667,77.2667,35.1906,31,40,-9,108,Clasificación
Wav,Wav_27,Wav_27,17.0385,91.1143,90.7429,4.0123,82.5333,74.2,32.2997,36,40,-4,103,Clasificación
Wav,Wav_28,Wav_28,15.0259,90.6,90.3143,2.9499,84.6667,76.7333,34.0974,33,40,-7,58,Clasificación
Wav,Wav_29,Wav_29,13.6677,90.7714,90.9714,-2.2152,84.3333,78.6,26.7913,31,40,-9,44,Clasificación
Wav,Wav_30,Wav_30,15.0851,90.5429,90.3429,2.071,84.4667,79.6667,23.6066,33,40,-7,66,Clasificación
Yeast,Yeast_1,Yeast_1,3.6706,69.1249,43.0679,45.7686,57.7982,53.8991,8.4577,13,8,5,252,Clasificación
Yeast,Yeast_2,Yeast_2,4.5084,68.0433,44.7394,42.1708,57.1101,51.8349,10.9524,13,8,5,308,Clasificación
Yeast,Yeast_3,Yeast_3,4.1224,67.65,44.6411,41.5631,57.7982,52.9817,10.2439,13,8,5,284,Clasificación
Yeast,Yeast_4,Yeast_4,4.0179,67.9449,44.5428,42.1986,59.1743,50,18.3486,13,8,5,220,Clasificación
Yeast,Yeast_5,Yeast_5,4.0066,68.3383,44.7394,42.7046,57.1101,50.9174,12.6168,13,8,5,234,Clasificación
Yeast,Yeast_6,Yeast_6,4.0684,67.8466,44.5428,42.0213,57.1101,52.2936,10.0962,13,8,5,210,Clasificación
Yeast,Yeast_7,Yeast_7,3.4641,68.8299,45.6244,42.6763,55.7339,51.1468,9.3897,16,8,8,313,Clasificación
Yeast,Yeast_8,Yeast_8,4.3566,68.0433,52.2124,33.1276,55.9633,50.6881,10.6977,13,8,5,318,Clasificación
Yeast,Yeast_9,Yeast_9,4.0705,70.2065,43.7562,47.028,59.8624,49.7706,20.0913,16,8,8,387,Clasificación
Yeast,Yeast_10,Yeast_10,3.7415,68.7316,50.1475,37.2781,55.2752,51.3762,8.0189,13,8,5,228,Clasificación
Yeast,Yeast_11,Yeast_11,3.9503,68.4366,44.1495,43.4859,54.8165,50.6881,8.3721,12,8,4,137,Clasificación
Yeast,Yeast_12,Yeast_12,4.2377,69.6165,43.3628,46.3542,54.8165,47.0184,14.7186,13,8,5,300,Clasificación
Yeast,Yeast_13,Yeast_13,4.3061,68.4366,53.294,32.4211,60.3211,47.4771,24.4542,12,8,4,307,Clasificación
Yeast,Yeast_14,Yeast_14,4.8161,68.4366,44.8378,42.7808,53.8991,50,7.7982,13,8,5,162,Clasificación
Yeast,Yeast_15,Yeast_15,3.6963,68.2399,43.2645,44.0208,56.1927,50.4587,11.5741,13,8,5,262,Clasificación
Yeast,Yeast_16,Yeast_16,3.668,67.65,44.6411,41.5631,55.9633,51.6055,9.0047,13,8,5,256,Clasificación
Yeast,Yeast_17,Yeast_17,4.0449,70.2065,51.9174,38.0368,54.1284,47.7064,12.2807,13,8,5,228,Clasificación
Yeast,Yeast_18,Yeast_18,4.0319,70.3048,43.6578,47.2949,54.3578,47.7064,12.7193,13,8,5,336,Clasificación
Yeast,Yeast_19,Yeast_19,3.9041,67.5516,44.1495,41.9014,53.6697,48.6239,9.8214,12,8,4,193,Clasificación
Yeast,Yeast_20,Yeast_20,4.3202,66.8633,45.6244,39.0597,56.8807,51.1468,11.7371,11,8,3,316,Clasificación
Yeast,Yeast_21,Yeast_21,4.2813,69.0266,44.3461,44.3463,60.5505,50,21.1009,16,8,8,301,Clasificación
Yeast,Yeast_22,Yeast_22,4.2356,69.2232,51.6224,36.3821,55.2752,46.5596,16.309,17,8,9,184,Clasificación
Yeast,Yeast_23,Yeast_23,3.896,67.5516,50.6391,34.263,58.0275,51.3762,13.6793,12,8,4,173,Clasificación
Yeast,Yeast_24,Yeast_24,3.9832,68.5349,51.2291,35.4839,56.8807,50.2294,13.3641,13,8,5,258,Clasificación
Yeast,Yeast_25,Yeast_25,4.5388,69.0266,45.0344,43.6494,58.4862,49.5413,17.7273,15,8,7,326,Clasificación
Yeast,Yeast_26,Yeast_26,3.8378,69.7149,43.7562,46.1539,55.7339,49.7706,11.8722,18,8,10,241,Clasificación
Yeast,Yeast_27,Yeast_27,3.6975,69.2232,44.6411,44.405,55.2752,50,10.5505,13,8,5,404,Clasificación
Yeast,Yeast_28,Yeast_28,4.1757,68.1416,43.4612,43.6522,56.1927,51.1468,10.3286,13,8,5,284,Clasificación
Yeast,Yeast_29,Yeast_29,3.4005,69.8132,43.1662,46.8858,52.9817,49.7706,6.3927,12,8,4,165,Clasificación
Yeast,Yeast_30,Yeast_30,4.0153,69.6165,50.8358,38.2,61.2385,51.3762,20.283,13,8,5,250,Clasificación
Concrete,Concrete_1,Concrete_1,3.216996,4.9447,10.214,51.58899,14.9932,10.39602,-44.2205,35,8,27,392,Regresión
Concrete,Concrete_2,Concrete_2,2.709221,5.07009,10.20356,50.31056,6.79132,10.3909,34.64167,36,8,28,529,Regresión
Concrete,Concrete_3,Concrete_3,3.297124,5.11782,10.20975,49.87322,7.75156,10.41102,25.54465,34,8,26,207,Regresión
Concrete,Concrete_4,Concrete_4,2.969257,4.98545,10.25142,51.36822,5.84219,10.28388,43.19082,32,8,24,481,Regresión
Concrete,Concrete_5,Concrete_5,4.863396,5.26001,10.23506,48.60791,13.60863,10.33985,-31.6134,35,8,27,398,Regresión
Concrete,Concrete_6,Concrete_6,5.551138,4.88666,10.25543,52.35051,7.12731,10.29292,30.75524,32,8,24,741,Regresión
Concrete,Concrete_7,Concrete_7,2.859708,4.96524,10.21609,51.39786,5.5846,10.38818,46.24084,34,8,26,589,Regresión
Concrete,Concrete_8,Concrete_8,3.107315,4.94547,10.26906,51.84105,5.56778,10.24705,45.66456,32,8,24,349,Regresión
Concrete,Concrete_9,Concrete_9,2.815409,5.04803,10.18041,50.41429,14.82001,10.48054,-41.4051,39,8,31,488,Regresión
Concrete,Concrete_10,Concrete_10,2.425319,5.10576,10.14958,49.69487,14.20134,10.51553,-35.0511,33,8,25,452,Regresión
Concrete,Concrete_11,Concrete_11,4.380484,5.11792,10.23742,50.00772,10.28686,10.339,0.504285,39,8,31,540,Regresión
Concrete,Concrete_12,Concrete_12,3.842455,5.11974,10.22719,49.93991,13.12342,10.3375,-26.9496,38,8,30,399,Regresión
Concrete,Concrete_13,Concrete_13,2.552219,5.00323,10.1844,50.87361,6.43932,10.46337,38.45844,36,8,28,555,Regresión
Concrete,Concrete_14,Concrete_14,5.850953,5.12581,10.21129,49.8025,12.99398,10.37016,-25.3016,36,8,28,459,Regresión
Concrete,Concrete_15,Concrete_15,2.340069,5.19543,10.19497,49.03929,20.34345,10.43475,-94.9588,36,8,28,433,Regresión
Concrete,Concrete_16,Concrete_16,5.63909,5.09378,10.20892,50.10459,6.10572,10.38802,41.22345,35,8,27,350,Regresión
Concrete,Concrete_17,Concrete_17,2.631955,5.17401,10.32038,49.8661,15.88771,10.14553,-56.5981,33,8,25,548,Regresión
Concrete,Concrete_18,Concrete_18,6.460054,5.1665,10.20988,49.39707,13.72964,10.38112,-32.2559,33,8,25,458,Regresión
Concrete,Concrete_19,Concrete_19,2.938284,4.97846,10.26821,51.5158,6.22572,10.23898,39.19592,34,8,26,747,Regresión
Concrete,Concrete_20,Concrete_20,3.889259,5.17897,10.22331,49.34156,18.87973,10.35204,-82.3768,33,8,25,708,Regresión
Concrete,Concrete_21,Concrete_21,3.37862,5.04027,10.19208,50.54718,7.43686,10.4414,28.77529,33,8,25,418,Regresión
Concrete,Concrete_22,Concrete_22,2.727399,5.19524,10.3113,49.61605,11.7094,10.15162,-15.3452,37,8,29,520,Regresión
Concrete,Concrete_23,Concrete_23,5.560186,5.03788,10.23964,50.80023,6.8079,10.32059,34.03573,31,8,23,634,Regresión
Concrete,Concrete_24,Concrete_24,2.996349,5.32254,10.28228,48.23582,6.68028,10.23525,34.73261,37,8,29,468,Regresión
Concrete,Concrete_25,Concrete_25,3.310282,5.07122,10.25602,50.55375,7.48196,10.26324,27.09945,33,8,25,448,Regresión
Concrete,Concrete_26,Concrete_26,3.663072,5.00426,10.278,51.31094,6.10158,10.24773,40.45918,35,8,27,388,Regresión
Concrete,Concrete_27,Concrete_27,2.941116,5.19109,10.26422,49.42541,6.63064,10.28483,35.52991,34,8,26,325,Regresión
Concrete,Concrete_28,Concrete_28,2.466777,5.11619,10.22731,49.97523,9.76083,10.36172,5.799173,38,8,30,1005,Regresión
Concrete,Concrete_29,Concrete_29,3.363232,4.84289,10.14909,52.28252,6.15047,10.51657,41.51639,36,8,28,429,Regresión
Concrete,Concrete_30,Concrete_30,3.047782,5.04796,10.17273,50.37754,10.41183,10.46191,0.478736,35,8,27,298,Regresión
EECooling,EECooling_1,EECooling_1,3.851861,1.44682,3.181156,54.51905,1.56226,3.201889,51.20817,32,8,24,225,Regresión
EECooling,EECooling_2,EECooling_2,4.643272,1.22057,3.171369,61.51284,1.43618,3.229141,55.5244,28,8,20,693,Regresión
EECooling,EECooling_3,EECooling_3,2.979681,1.22818,3.190776,61.50842,1.43492,3.189368,55.00927,34,8,26,243,Regresión
EECooling,EECooling_4,EECooling_4,3.068785,1.22323,3.16423,61.34193,1.52146,3.249101,53.1729,33,8,25,466,Regresión
EECooling,EECooling_5,EECooling_5,3.759709,1.19955,3.194177,62.44572,1.381,3.169769,56.43216,32,8,24,455,Regresión
EECooling,EECooling_6,EECooling_6,3.54402,1.3662,3.165557,56.84171,1.59189,3.239156,50.85479,34,8,26,415,Regresión
EECooling,EECooling_7,EECooling_7,3.501428,1.41902,3.174595,55.30076,1.61016,3.217786,49.96063,33,8,25,644,Regresión
EECooling,EECooling_8,EECooling_8,4.257097,1.27289,3.176681,59.93019,1.43473,3.22057,55.45106,26,8,18,385,Regresión
EECooling,EECooling_9,EECooling_9,5.672363,1.09271,3.178781,65.62488,1.42484,3.21126,55.62988,32,8,24,273,Regresión
EECooling,EECooling_10,EECooling_10,6.305132,1.20827,3.180095,62.00523,1.39177,3.217565,56.74461,32,8,24,377,Regresión
EECooling,EECooling_11,EECooling_11,6.343034,1.16613,3.172678,63.24462,1.4738,3.220159,54.23208,30,8,22,577,Regresión
EECooling,EECooling_12,EECooling_12,2.859538,1.27913,3.176879,59.73627,1.53635,3.225508,52.36874,34,8,26,527,Regresión
EECooling,EECooling_13,EECooling_13,3.013816,1.35197,3.162608,57.25143,1.59246,3.256318,51.0963,29,8,21,488,Regresión
EECooling,EECooling_14,EECooling_14,4.140613,1.25334,3.153438,60.2548,1.49746,3.277194,54.30664,32,8,24,311,Regresión
EECooling,EECooling_15,EECooling_15,3.635021,1.25184,3.170843,60.52028,1.50003,3.24279,53.7426,29,8,21,578,Regresión
EECooling,EECooling_16,EECooling_16,2.568747,1.18934,3.15449,62.29692,1.60668,3.272292,50.90046,26,8,18,425,Regresión
EECooling,EECooling_17,EECooling_17,4.654408,1.12005,3.160195,64.55757,1.38307,3.261923,57.59955,29,8,21,494,Regresión
EECooling,EECooling_18,EECooling_18,5.020054,1.17002,3.166616,63.05141,1.36161,3.247363,58.07028,32,8,24,1025,Regresión
EECooling,EECooling_19,EECooling_19,3.091169,1.3952,3.174916,56.05553,1.71652,3.217801,46.6555,32,8,24,447,Regresión
EECooling,EECooling_20,EECooling_20,4.081052,1.39643,3.174133,56.00594,1.57179,3.21702,51.14144,35,8,27,592,Regresión
EECooling,EECooling_21,EECooling_21,4.124879,1.41116,3.198759,55.88415,1.53499,3.166872,51.52977,34,8,26,543,Regresión
EECooling,EECooling_22,EECooling_22,3.042074,1.36121,3.168938,57.04523,1.52127,3.236492,52.99633,31,8,23,538,Regresión
EECooling,EECooling_23,EECooling_23,3.020907,1.19453,3.197905,62.64648,1.4035,3.167967,55.69714,32,8,24,349,Regresión
EECooling,EECooling_24,EECooling_24,3.273014,1.32773,3.162079,58.01085,1.40885,3.252492,56.68398,30,8,22,259,Regresión
EECooling,EECooling_25,EECooling_25,3.936638,1.14633,3.168654,63.82281,1.36179,3.243482,58.01457,33,8,25,320,Regresión
EECooling,EECooling_26,EECooling_26,3.198738,1.08563,3.189616,65.96362,1.38095,3.182176,56.60359,35,8,27,314,Regresión
EECooling,EECooling_27,EECooling_27,3.728607,1.22304,3.173999,61.46691,1.39905,3.222738,56.58816,28,8,20,373,Regresión
EECooling,EECooling_28,EECooling_28,3.428599,1.19522,3.181796,62.43568,1.29788,3.204462,59.49773,34,8,26,267,Regresión
EECooling,EECooling_29,EECooling_29,3.605509,1.28407,3.168744,59.477,1.43562,3.239724,55.68697,33,8,25,536,Regresión
EECooling,EECooling_30,EECooling_30,3.816741,1.46258,3.197695,54.26143,1.56695,3.160786,50.4253,33,8,25,404,Regresión
EEHeat,EEHeat_1,EEHeat_1,3.253462,0.44913,2.980869,84.93292,0.42087,2.777294,84.84604,31,8,23,216,Regresión
EEHeat,EEHeat_2,EEHeat_2,3.988215,0.42964,2.925424,85.31358,0.39165,2.929892,86.63261,34,8,26,473,Regresión
EEHeat,EEHeat_3,EEHeat_3,3.773462,0.45204,2.953243,84.69344,0.41617,2.848469,85.3897,31,8,23,282,Regresión
EEHeat,EEHeat_4,EEHeat_4,3.362774,0.45033,2.987714,84.92727,0.42192,2.763172,84.73059,31,8,23,444,Regresión
EEHeat,EEHeat_5,EEHeat_5,3.724512,0.45731,2.969327,84.59887,0.41204,2.813891,85.35693,34,8,26,657,Regresión
EEHeat,EEHeat_6,EEHeat_6,4.150021,0.44868,2.991146,84.99973,0.40883,2.754471,85.15759,35,8,27,570,Regresión
EEHeat,EEHeat_7,EEHeat_7,3.895243,0.44548,2.947723,84.88732,0.44337,2.860466,84.50008,32,8,24,353,Regresión
EEHeat,EEHeat_8,EEHeat_8,3.647343,0.44064,2.939244,85.00839,0.40303,2.878423,85.99823,37,8,29,514,Regresión
EEHeat,EEHeat_9,EEHeat_9,5.456116,0.44781,2.898708,84.55139,0.42434,2.974063,85.73198,32,8,24,489,Regresión
EEHeat,EEHeat_10,EEHeat_10,4.290735,0.43759,2.941725,85.12472,0.41668,2.873793,85.5007,32,8,24,789,Regresión
EEHeat,EEHeat_11,EEHeat_11,3.928703,0.43002,2.926294,85.30496,0.43063,2.91484,85.22629,39,8,31,316,Regresión
EEHeat,EEHeat_12,EEHeat_12,2.834639,0.45414,2.925057,84.47415,0.42014,2.922086,85.62191,31,8,23,308,Regresión
EEHeat,EEHeat_13,EEHeat_13,4.411378,0.44262,2.947319,84.98229,0.39546,2.871514,86.22817,33,8,25,294,Regresión
EEHeat,EEHeat_14,EEHeat_14,3.612847,0.42417,2.926393,85.50536,0.41735,2.913664,85.67611,33,8,25,382,Regresión
EEHeat,EEHeat_15,EEHeat_15,3.303573,0.45696,2.939653,84.45531,0.42409,2.891594,85.33369,34,8,26,643,Regresión
EEHeat,EEHeat_16,EEHeat_16,2.840174,0.42377,2.91636,85.46921,0.4427,2.93876,84.93582,35,8,27,306,Regresión
EEHeat,EEHeat_17,EEHeat_17,3.625534,0.43778,2.940938,85.11427,0.38976,2.875058,86.44341,35,8,27,352,Regresión
EEHeat,EEHeat_18,EEHeat_18,5.855465,0.43067,2.9667,85.4832,0.41858,2.822524,85.17001,34,8,26,315,Regresión
EEHeat,EEHeat_19,EEHeat_19,3.340932,0.45413,2.921875,84.45758,0.39212,2.925994,86.59874,34,8,26,531,Regresión
EEHeat,EEHeat_20,EEHeat_20,3.479127,0.43956,2.959053,85.14525,0.36281,2.839372,87.22218,32,8,24,421,Regresión
EEHeat,EEHeat_21,EEHeat_21,4.60138,0.44245,2.939254,84.94686,0.43157,2.892014,85.07718,35,8,27,276,Regresión
EEHeat,EEHeat_22,EEHeat_22,2.577328,0.43593,2.961628,85.28073,0.36637,2.839342,87.09666,39,8,31,564,Regresión
EEHeat,EEHeat_23,EEHeat_23,3.264922,0.43373,2.962969,85.36164,1.59178,2.837927,43.91047,35,8,27,378,Regresión
EEHeat,EEHeat_24,EEHeat_24,3.132394,0.45374,2.972934,84.73764,0.38837,2.797295,86.11623,29,8,21,304,Regresión
EEHeat,EEHeat_25,EEHeat_25,3.139115,0.43316,2.949904,85.31613,0.43409,2.855443,84.7978,34,8,26,263,Regresión
EEHeat,EEHeat_26,EEHeat_26,3.572555,0.45018,2.924813,84.60825,0.4373,2.917316,85.01019,35,8,27,488,Regresión
EEHeat,EEHeat_27,EEHeat_27,4.90088,0.44611,2.933623,84.79321,0.41407,2.901293,85.72809,29,8,21,542,Regresión
EEHeat,EEHeat_28,EEHeat_28,3.005805,0.45799,2.906736,84.24384,0.41755,2.959687,85.89209,30,8,22,975,Regresión
EEHeat,EEHeat_29,EEHeat_29,4.333737,0.4392,2.937139,85.04667,0.43477,2.888634,84.94894,30,8,22,179,Regresión
EEHeat,EEHeat_30,EEHeat_30,2.98801,0.44856,2.944362,84.76546,0.41108,2.87603,85.70668,36,8,28,245,Regresión
Housing,Housing_1,Housing_1,6.672061,2.039048,4.67742,56.40656,3.987493,4.747381,16.00647,34,13,21,335,Regresión
Housing,Housing_2,Housing_2,8.836867,2.339255,4.672498,49.93566,3.666207,4.784096,23.36678,31,13,18,474,Regresión
Housing,Housing_3,Housing_3,8.311018,2.103676,4.708525,55.32196,6.02427,4.677951,-28.7801,31,13,18,478,Regresión
Housing,Housing_4,Housing_4,9.353945,2.369477,4.315724,45.09666,14.53181,5.538095,-162.397,30,13,17,365,Regresión
Housing,Housing_5,Housing_5,7.192367,2.240264,4.538785,50.64177,4.838074,5.209939,7.137618,31,13,18,302,Regresión
Housing,Housing_6,Housing_6,8.826054,2.605522,4.632913,43.76061,3.094958,4.910774,36.97617,31,13,18,488,Regresión
Housing,Housing_7,Housing_7,7.928507,2.280205,4.751276,52.00857,3.052042,4.722238,35.36874,37,13,24,534,Regresión
Housing,Housing_8,Housing_8,11.14092,2.186131,4.684723,53.3349,3.943993,4.906796,19.62181,37,13,24,452,Regresión
Housing,Housing_9,Housing_9,7.504495,2.182741,4.570172,52.2394,3.577945,4.978062,28.12573,40,13,27,373,Regresión
Housing,Housing_10,Housing_10,7.564737,2.293609,4.708525,51.28817,5.098981,4.677951,-9.00032,35,13,22,310,Regresión
Housing,Housing_11,Housing_11,6.128851,2.155725,4.67742,53.91208,4.119488,4.747381,13.22608,28,13,15,499,Regresión
Housing,Housing_12,Housing_12,8.153564,2.214967,4.591836,51.76292,4.888598,4.991133,2.054343,34,13,21,371,Regresión
Housing,Housing_13,Housing_13,7.574177,2.065825,4.675252,55.81361,4.077118,4.768337,14.49601,30,13,17,457,Regresión
Housing,Housing_14,Housing_14,11.14176,2.194482,4.667567,52.98446,5.931043,4.794818,-23.697,35,13,22,586,Regresión
Housing,Housing_15,Housing_15,7.709705,2.432505,4.712976,48.38708,5.710911,4.666247,-22.3877,35,13,22,434,Regresión
Housing,Housing_16,Housing_16,8.056756,2.328511,4.646358,49.88525,3.154147,4.786629,34.10504,31,13,18,640,Regresión
Housing,Housing_17,Housing_17,7.038549,2.218771,4.574509,51.49706,9.170124,4.967661,-84.5964,35,13,22,204,Regresión
Housing,Housing_18,Housing_18,6.674414,2.381138,4.422407,46.15742,4.751856,5.285254,10.09218,34,13,21,311,Regresión
Housing,Housing_19,Housing_19,6.998818,2.153329,4.680091,53.98958,4.321293,4.885857,11.55507,33,13,20,910,Regresión
Housing,Housing_20,Housing_20,7.432104,2.19559,4.892158,55.12021,5.751035,4.225502,-36.103,32,13,19,339,Regresión
Housing,Housing_21,Housing_21,7.448921,2.246917,4.725394,52.45017,3.492618,4.787205,27.04266,32,13,19,575,Regresión
Housing,Housing_22,Housing_22,6.99973,2.264637,4.6046,50.81795,3.737235,4.948965,24.48452,36,13,23,417,Regresión
Housing,Housing_23,Housing_23,7.615512,2.249245,4.861499,53.73351,4.806296,4.292839,-11.9608,39,13,26,184,Regresión
Housing,Housing_24,Housing_24,7.013414,2.289014,4.529362,49.46278,4.775827,5.160619,7.456326,33,13,20,508,Regresión
Housing,Housing_25,Housing_25,7.502785,2.324207,4.387642,47.02833,3.976059,5.373959,26.01248,35,13,22,358,Regresión
Housing,Housing_26,Housing_26,6.770874,2.258167,4.277563,47.20904,3.420463,5.800022,41.02672,34,13,21,487,Regresión
Housing,Housing_27,Housing_27,6.41085,2.36701,4.664639,49.25631,4.101772,4.804212,14.62134,33,13,20,238,Regresión
Housing,Housing_28,Housing_28,8.750349,2.094326,4.533214,53.80041,3.670349,5.135635,28.53174,35,13,22,550,Regresión
Housing,Housing_29,Housing_29,6.964619,2.335767,4.829412,51.63454,2.859487,4.449109,35.729,29,13,16,678,Regresión
Housing,Housing_30,Housing_30,6.688592,2.261508,4.643726,51.29971,3.389784,4.833297,29.86601,37,13,24,492,Regresión
Tower,Tower_1,Tower_1,16.3368,19.6809,29.87014,34.1118,21.72106,28.98856,25.07023,33,25,8,362,Regresión
Tower,Tower_2,Tower_2,18.24158,20.00472,29.85661,32.99735,22.74705,29.02491,21.62923,42,25,17,369,Regresión
Tower,Tower_3,Tower_3,16.51885,19.86346,29.87028,33.50093,21.87645,28.99425,24.549,35,25,10,138,Regresión
Tower,Tower_4,Tower_4,21.1754,19.48253,29.86875,34.77286,22.25353,28.99991,23.26346,35,25,10,396,Regresión
Tower,Tower_5,Tower_5,16.61555,20.14977,29.86761,32.53638,22.13558,28.98923,23.64205,38,25,13,207,Regresión
Tower,Tower_6,Tower_6,18.97304,19.84874,29.88083,33.57367,21.63644,28.95339,25.27147,35,25,10,282,Regresión
Tower,Tower_7,Tower_7,17.60918,19.69655,29.87651,34.07345,21.32587,28.96683,26.37832,41,25,16,336,Regresión
Tower,Tower_8,Tower_8,16.13787,19.68945,29.87509,34.09409,21.59353,28.9743,25.47352,41,25,16,518,Regresión
Tower,Tower_9,Tower_9,16.18074,19.76649,29.89907,33.88928,22.02541,28.92273,23.84741,40,25,15,145,Regresión
Tower,Tower_10,Tower_10,17.64676,20.18468,29.88757,32.46463,22.25134,28.95275,23.14603,34,25,9,305,Regresión
Tower,Tower_11,Tower_11,13.78243,19.92886,29.86758,33.27594,22.19208,28.99133,23.45269,35,25,10,240,Regresión
Tower,Tower_12,Tower_12,16.56288,20.12323,29.87266,32.63662,22.01888,28.9817,24.02489,39,25,14,174,Regresión
Tower,Tower_13,Tower_13,20.81517,19.84735,29.85493,33.52069,22.72554,29.02489,21.70326,34,25,9,245,Regresión
Tower,Tower_14,Tower_14,18.0626,19.01933,29.87471,36.33636,21.70057,28.97978,25.11824,39,25,14,392,Regresión
Tower,Tower_15,Tower_15,18.36259,19.57933,29.86174,34.43339,21.44509,29.00618,26.06716,38,25,13,599,Regresión
Tower,Tower_16,Tower_16,18.30383,20.09089,29.88833,32.78014,22.6782,28.94863,21.66055,34,25,9,689,Regresión
Tower,Tower_17,Tower_17,16.99339,19.76421,29.87682,33.84769,22.00388,28.97371,24.05569,36,25,11,421,Regresión
Tower,Tower_18,Tower_18,15.86935,19.61973,29.87315,34.3232,22.03561,28.97591,23.95196,36,25,11,397,Regresión
Tower,Tower_19,Tower_19,15.55769,20.06488,29.87775,32.8434,22.69834,28.9666,21.63961,36,25,11,333,Regresión
Tower,Tower_20,Tower_20,15.23947,20.12986,29.87137,32.61152,22.54828,28.98643,22.21091,38,25,13,587,Regresión
Tower,Tower_21,Tower_21,21.35304,19.91138,29.85689,33.31059,22.11161,29.01519,23.79299,41,25,16,218,Regresión
Tower,Tower_22,Tower_22,15.91042,20.10057,29.86763,32.70115,22.56056,28.98953,22.17687,32,25,7,271,Regresión
Tower,Tower_23,Tower_23,15.0266,19.70193,29.87308,34.04788,43.57605,28.978,-50.3763,38,25,13,531,Regresión
Tower,Tower_24,Tower_24,14.80084,19.70671,29.86406,34.01195,21.62704,29.00286,25.43135,36,25,11,571,Regresión
Tower,Tower_25,Tower_25,16.87789,19.47392,29.90179,34.87374,21.32012,28.91195,26.25846,37,25,12,412,Regresión
Tower,Tower_26,Tower_26,18.34248,19.50185,29.8613,34.6919,21.4564,29.00879,26.03484,39,25,14,582,Regresión
Tower,Tower_27,Tower_27,15.65698,20.339,29.87401,31.91741,22.09014,28.98652,23.79167,35,25,10,528,Regresión
Tower,Tower_28,Tower_28,14.3152,19.78592,29.87374,33.76819,22.31211,28.98614,23.02489,40,25,15,277,Regresión
Tower,Tower_29,Tower_29,14.13135,19.35838,29.88283,35.21905,23.02828,28.96499,20.49615,39,25,14,526,Regresión
Tower,Tower_30,Tower_30,16.09068,19.22911,29.86627,35.61597,22.33395,28.99661,22.97738,37,25,12,452,Regresión
Yacht,Yacht_1,Yacht_1,3.154345,0.30154,8.647177,96.51285,1.2674,9.507102,86.66891,28,6,22,743,Regresión
Yacht,Yacht_2,Yacht_2,2.256835,0.38517,8.632705,95.53825,0.71415,9.669387,92.61432,29,6,23,772,Regresión
Yacht,Yacht_3,Yacht_3,2.052872,0.27707,8.659555,96.80041,0.58899,9.52304,93.8151,32,6,26,1047,Regresión
Yacht,Yacht_4,Yacht_4,2.308122,0.29722,8.654052,96.56554,0.89381,9.514069,90.60539,27,6,21,1384,Regresión
Yacht,Yacht_5,Yacht_5,2.235752,0.33171,8.624636,96.15392,0.78153,9.766824,91.99812,30,6,24,1723,Regresión
Yacht,Yacht_6,Yacht_6,2.628257,0.44429,8.655256,94.86682,0.67409,9.584612,92.96696,33,6,27,912,Regresión
Yacht,Yacht_7,Yacht_7,2.014823,0.33824,8.659475,96.09399,0.43875,9.513165,95.38797,36,6,30,695,Regresión
Yacht,Yacht_8,Yacht_8,2.053259,0.28818,8.642341,96.66549,0.43848,9.602396,95.43364,28,6,22,861,Regresión
Yacht,Yacht_9,Yacht_9,2.976394,0.34154,8.649238,96.05121,0.61797,9.5823,93.55092,35,6,29,720,Regresión
Yacht,Yacht_10,Yacht_10,2.818651,0.44603,8.631982,94.83282,0.82646,9.613656,91.40327,31,6,25,538,Regresión
Yacht,Yacht_11,Yacht_11,2.11986,0.35093,8.640789,95.93868,0.86107,9.571064,91.0034,30,6,24,663,Regresión
Yacht,Yacht_12,Yacht_12,2.754913,0.34905,8.645541,95.96266,0.76519,9.579782,92.01245,28,6,22,755,Regresión
Yacht,Yacht_13,Yacht_13,2.331967,0.38137,8.67667,95.60465,0.65901,9.446405,93.0237,27,6,21,668,Regresión
Yacht,Yacht_14,Yacht_14,3.448694,0.31123,8.623926,96.39109,1.15666,9.705916,88.08294,29,6,23,726,Regresión
Yacht,Yacht_15,Yacht_15,3.058337,0.2997,8.678586,96.54667,0.50687,9.443615,94.63267,33,6,27,1402,Regresión
Yacht,Yacht_16,Yacht_16,2.110567,0.34645,8.642371,95.99126,0.97865,9.623932,89.83108,34,6,28,779,Regresión
Yacht,Yacht_17,Yacht_17,2.569212,0.36865,8.662448,95.74427,1.01246,9.466387,89.30468,28,6,22,477,Regresión
Yacht,Yacht_18,Yacht_18,2.574891,0.3297,8.642482,96.18512,0.82292,9.573306,91.40401,32,6,26,513,Regresión
Yacht,Yacht_19,Yacht_19,2.321955,0.37791,8.624733,95.6183,0.72529,9.643645,92.47909,31,6,25,598,Regresión
Yacht,Yacht_20,Yacht_20,2.323286,0.33084,8.677841,96.18753,0.88683,9.476629,90.64193,32,6,26,743,Regresión
Yacht,Yacht_21,Yacht_21,2.696663,0.32211,8.64254,96.27297,0.63797,9.607025,93.35934,32,6,26,497,Regresión
Yacht,Yacht_22,Yacht_22,2.331564,0.34109,8.636991,96.05082,0.54726,9.676011,94.34416,34,6,28,543,Regresión
Yacht,Yacht_23,Yacht_23,2.317962,0.2824,8.656758,96.73781,0.81533,9.558006,91.46966,27,6,21,742,Regresión
Yacht,Yacht_24,Yacht_24,2.040116,0.36214,8.625155,95.80135,0.80542,9.710098,91.70534,26,6,20,561,Regresión
Yacht,Yacht_25,Yacht_25,2.506256,0.36296,8.637298,95.79776,0.73253,9.571969,92.34713,32,6,26,837,Regresión
Yacht,Yacht_26,Yacht_26,2.308233,0.33744,8.664082,96.1053,0.9348,9.472218,90.13114,38,6,32,895,Regresión
Yacht,Yacht_27,Yacht_27,2.458701,0.40036,8.648964,95.37101,0.63768,9.532039,93.31014,23,6,17,742,Regresión
Yacht,Yacht_28,Yacht_28,2.580991,0.30925,8.664889,96.431,0.95692,9.504823,89.93227,35,6,29,684,Regresión
Yacht,Yacht_29,Yacht_29,1.951602,0.34812,8.675336,95.98724,0.56883,9.433893,93.97036,27,6,21,886,Regresión
Yacht,Yacht_30,Yacht_30,2.162667,0.2393,8.656642,97.23565,0.33951,9.551962,96.44565,27,6,21,1514,Regresión